protocol,cell_id,seed,corruption,model,rmse,violation_rate,violation_count
same_cell,CS2_33,42,gaussian,pinn,0.3030347257540041,0.0,0
same_cell,CS2_33,42,gaussian,lstm,0.2771590262204757,0.0,0
same_cell,CS2_34,42,gaussian,pinn,0.15559085554723792,0.0,0
same_cell,CS2_34,42,gaussian,lstm,0.14194137883088995,0.0,0
same_cell,CS2_35,42,gaussian,pinn,0.2073964999712145,0.0,0
same_cell,CS2_35,42,gaussian,lstm,0.20090690519959487,0.0,0
same_cell,CS2_36,42,gaussian,pinn,1.1795916383852092,0.0,0
same_cell,CS2_36,42,gaussian,lstm,0.24892750817977066,0.0,0
same_cell,CS2_37,42,gaussian,pinn,0.30153380517792217,0.0,0
same_cell,CS2_37,42,gaussian,lstm,0.22149799311069912,0.0,0
same_cell,CS2_38,42,gaussian,pinn,0.2209035101258668,0.0,0
same_cell,CS2_38,42,gaussian,lstm,0.20743021643721174,0.0,0
same_cell,CS2_33,123,gaussian,pinn,0.2826236253714965,0.0,0
same_cell,CS2_33,123,gaussian,lstm,0.2779715370886825,0.0,0
same_cell,CS2_34,123,gaussian,pinn,0.15515851191238464,0.0,0
same_cell,CS2_34,123,gaussian,lstm,0.14126562793633635,0.0,0
same_cell,CS2_35,123,gaussian,pinn,0.21220480835146885,0.0,0
same_cell,CS2_35,123,gaussian,lstm,0.19883560559110267,0.0,0
same_cell,CS2_36,123,gaussian,pinn,1.2066160603900953,0.0,0
same_cell,CS2_36,123,gaussian,lstm,0.2489041960474818,0.0,0
same_cell,CS2_37,123,gaussian,pinn,0.3660064437335633,0.0,0
same_cell,CS2_37,123,gaussian,lstm,0.22275976602218414,0.0,0
same_cell,CS2_38,123,gaussian,pinn,0.22057334494711242,0.0,0
same_cell,CS2_38,123,gaussian,lstm,0.20654940628963425,0.0,0
same_cell,CS2_33,456,gaussian,pinn,0.28920227297346995,0.0,0
same_cell,CS2_33,456,gaussian,lstm,0.2767993947737302,0.0,0
same_cell,CS2_34,456,gaussian,pinn,0.1534782366162809,0.0,0
same_cell,CS2_34,456,gaussian,lstm,0.14160516477559384,0.0,0
same_cell,CS2_35,456,gaussian,pinn,0.20557377950867214,0.0,0
same_cell,CS2_35,456,gaussian,lstm,0.199706948831634,0.0,0
same_cell,CS2_36,456,gaussian,pinn,1.2405776179027226,0.0,0
same_cell,CS2_36,456,gaussian,lstm,0.2478238110718706,0.0,0
same_cell,CS2_37,456,gaussian,pinn,0.36508715947891346,0.0,0
same_cell,CS2_37,456,gaussian,lstm,0.22155720925470127,0.0,0
same_cell,CS2_38,456,gaussian,pinn,0.22013567009196555,0.0,0
same_cell,CS2_38,456,gaussian,lstm,0.20640510051085947,0.0,0
same_cell,CS2_33,789,gaussian,pinn,0.2981337010192061,0.0,0
same_cell,CS2_33,789,gaussian,lstm,0.277510779404851,0.0,0
same_cell,CS2_34,789,gaussian,pinn,0.15538936742620488,0.0,0
same_cell,CS2_34,789,gaussian,lstm,0.14099838045461105,0.0,0
same_cell,CS2_35,789,gaussian,pinn,0.21054556567873128,0.0,0
same_cell,CS2_35,789,gaussian,lstm,0.1992213505227373,0.0,0
same_cell,CS2_36,789,gaussian,pinn,1.1933640248962294,0.0,0
same_cell,CS2_36,789,gaussian,lstm,0.24887652825194712,0.0,0
same_cell,CS2_37,789,gaussian,pinn,0.2921564294523852,0.0,0
same_cell,CS2_37,789,gaussian,lstm,0.22169721119824784,0.0,0
same_cell,CS2_38,789,gaussian,pinn,0.2197442543277789,0.0,0
same_cell,CS2_38,789,gaussian,lstm,0.2070357295098946,0.0,0
same_cell,CS2_33,1024,gaussian,pinn,0.30012102026620124,0.0,0
same_cell,CS2_33,1024,gaussian,lstm,0.27645560706406536,0.0,0
same_cell,CS2_34,1024,gaussian,pinn,0.1572029289742136,0.0,0
same_cell,CS2_34,1024,gaussian,lstm,0.14095226468454794,0.0,0
same_cell,CS2_35,1024,gaussian,pinn,0.20896983609702724,0.0,0
same_cell,CS2_35,1024,gaussian,lstm,0.2001181890868148,0.0,0
same_cell,CS2_36,1024,gaussian,pinn,1.1958937192403203,0.0,0
same_cell,CS2_36,1024,gaussian,lstm,0.24947181904807597,0.0,0
same_cell,CS2_37,1024,gaussian,pinn,0.2836735217614993,0.0,0
same_cell,CS2_37,1024,gaussian,lstm,0.22292113657566487,0.0,0
same_cell,CS2_38,1024,gaussian,pinn,0.23407852265553203,0.0,0
same_cell,CS2_38,1024,gaussian,lstm,0.20641762253551152,0.0,0
same_cell,CS2_33,42,bias_drift,pinn,0.299211659016479,0.0,0
same_cell,CS2_33,42,bias_drift,lstm,0.27728984759054315,0.0,0
same_cell,CS2_34,42,bias_drift,pinn,0.16052472120005165,0.0,0
same_cell,CS2_34,42,bias_drift,lstm,0.14199981638483686,0.0,0
same_cell,CS2_35,42,bias_drift,pinn,0.21003857976305615,0.0,0
same_cell,CS2_35,42,bias_drift,lstm,0.199268848050999,0.0,0
same_cell,CS2_36,42,bias_drift,pinn,1.194878882946406,0.0,0
same_cell,CS2_36,42,bias_drift,lstm,0.2486550522580421,0.0,0
same_cell,CS2_37,42,bias_drift,pinn,0.2965149838565319,0.0,0
same_cell,CS2_37,42,bias_drift,lstm,0.22185633127686502,0.0,0
same_cell,CS2_38,42,bias_drift,pinn,0.22415729709133755,0.0,0
same_cell,CS2_38,42,bias_drift,lstm,0.2070499052948325,0.0,0
same_cell,CS2_33,123,bias_drift,pinn,0.3082475867204626,0.0,0
same_cell,CS2_33,123,bias_drift,lstm,0.27728971396112984,0.0,0
same_cell,CS2_34,123,bias_drift,pinn,0.15395932152817438,0.0,0
same_cell,CS2_34,123,bias_drift,lstm,0.14123775777600325,0.0,0
same_cell,CS2_35,123,bias_drift,pinn,0.21014266112282173,0.0,0
same_cell,CS2_35,123,bias_drift,lstm,0.19810929740434463,0.0,0
same_cell,CS2_36,123,bias_drift,pinn,1.2171336766656198,0.0,0
same_cell,CS2_36,123,bias_drift,lstm,0.24831586469323494,0.0,0
same_cell,CS2_37,123,bias_drift,pinn,0.30315094613435317,0.0,0
same_cell,CS2_37,123,bias_drift,lstm,0.2218674539602744,0.0,0
same_cell,CS2_38,123,bias_drift,pinn,0.22137499437657526,0.0,0
same_cell,CS2_38,123,bias_drift,lstm,0.2063947230843474,0.0,0
same_cell,CS2_33,456,bias_drift,pinn,0.30081016077746114,0.0,0
same_cell,CS2_33,456,bias_drift,lstm,0.2759711451862716,0.0,0
same_cell,CS2_34,456,bias_drift,pinn,0.1577982424568261,0.0,0
same_cell,CS2_34,456,bias_drift,lstm,0.1409457141971888,0.0,0
same_cell,CS2_35,456,bias_drift,pinn,0.20702920055883278,0.0,0
same_cell,CS2_35,456,bias_drift,lstm,0.19979992055306792,0.0,0
same_cell,CS2_36,456,bias_drift,pinn,1.1964359286429602,0.0,0
same_cell,CS2_36,456,bias_drift,lstm,0.24871427006881772,0.0,0
same_cell,CS2_37,456,bias_drift,pinn,0.2923203645387319,0.0,0
same_cell,CS2_37,456,bias_drift,lstm,0.2209646385159583,0.0,0
same_cell,CS2_38,456,bias_drift,pinn,0.22010009474395734,0.0,0
same_cell,CS2_38,456,bias_drift,lstm,0.20662347413842452,0.0,0
same_cell,CS2_33,789,bias_drift,pinn,0.298962189287879,0.0,0
same_cell,CS2_33,789,bias_drift,lstm,0.2771503913264253,0.0,0
same_cell,CS2_34,789,bias_drift,pinn,0.1574980560214192,0.0,0
same_cell,CS2_34,789,bias_drift,lstm,0.14161756789445512,0.0,0
same_cell,CS2_35,789,bias_drift,pinn,0.20886642254288149,0.0,0
same_cell,CS2_35,789,bias_drift,lstm,0.200088785561033,0.0,0
same_cell,CS2_36,789,bias_drift,pinn,1.1768839392365331,0.0,0
same_cell,CS2_36,789,bias_drift,lstm,0.24872757539655038,0.0,0
same_cell,CS2_37,789,bias_drift,pinn,0.3039453697663274,0.0,0
same_cell,CS2_37,789,bias_drift,lstm,0.2220968197521819,0.0,0
same_cell,CS2_38,789,bias_drift,pinn,0.2268006531278871,0.0,0
same_cell,CS2_38,789,bias_drift,lstm,0.2065006336192223,0.0,0
same_cell,CS2_33,1024,bias_drift,pinn,0.2952829732126964,0.0,0
same_cell,CS2_33,1024,bias_drift,lstm,0.27658483508299264,0.0,0
same_cell,CS2_34,1024,bias_drift,pinn,0.15357869008645553,0.0,0
same_cell,CS2_34,1024,bias_drift,lstm,0.14122737298291294,0.0,0
same_cell,CS2_35,1024,bias_drift,pinn,0.20884200966153482,0.0,0
same_cell,CS2_35,1024,bias_drift,lstm,0.19914800941861394,0.0,0
same_cell,CS2_36,1024,bias_drift,pinn,1.1928989237483685,0.0,0
same_cell,CS2_36,1024,bias_drift,lstm,0.24976620245303852,0.0,0
same_cell,CS2_37,1024,bias_drift,pinn,0.30856231466376083,0.0,0
same_cell,CS2_37,1024,bias_drift,lstm,0.22156268442116994,0.0,0
same_cell,CS2_38,1024,bias_drift,pinn,0.23150193537030386,0.0,0
same_cell,CS2_38,1024,bias_drift,lstm,0.20638465071858356,0.0,0
same_cell,CS2_33,42,impulse_spikes,pinn,0.3134088474650139,0.0,0
same_cell,CS2_33,42,impulse_spikes,lstm,0.27717565270038347,0.0,0
same_cell,CS2_34,42,impulse_spikes,pinn,0.15685146469534986,0.0,0
same_cell,CS2_34,42,impulse_spikes,lstm,0.14146065387207904,0.0,0
same_cell,CS2_35,42,impulse_spikes,pinn,0.2066874530556659,0.0,0
same_cell,CS2_35,42,impulse_spikes,lstm,0.1999529187001975,0.0,0
same_cell,CS2_36,42,impulse_spikes,pinn,1.1827493274437608,0.0,0
same_cell,CS2_36,42,impulse_spikes,lstm,0.24837734661723024,0.0,0
same_cell,CS2_37,42,impulse_spikes,pinn,0.29754857647323196,0.0,0
same_cell,CS2_37,42,impulse_spikes,lstm,0.22212063907081755,0.0,0
same_cell,CS2_38,42,impulse_spikes,pinn,0.219501325843768,0.0,0
same_cell,CS2_38,42,impulse_spikes,lstm,0.20620346069805393,0.0,0
same_cell,CS2_33,123,impulse_spikes,pinn,0.2964133052208476,0.0,0
same_cell,CS2_33,123,impulse_spikes,lstm,0.2776258808108267,0.0,0
same_cell,CS2_34,123,impulse_spikes,pinn,0.16636118124125662,0.0,0
same_cell,CS2_34,123,impulse_spikes,lstm,0.14108265488638738,0.0,0
same_cell,CS2_35,123,impulse_spikes,pinn,0.21066247184231435,0.0,0
same_cell,CS2_35,123,impulse_spikes,lstm,0.20003063313146185,0.0,0
same_cell,CS2_36,123,impulse_spikes,pinn,1.1659329130293339,0.0,0
same_cell,CS2_36,123,impulse_spikes,lstm,0.24854506149010852,0.0,0
same_cell,CS2_37,123,impulse_spikes,pinn,0.3139660119563459,0.0,0
same_cell,CS2_37,123,impulse_spikes,lstm,0.22248324953804618,0.0,0
same_cell,CS2_38,123,impulse_spikes,pinn,0.2199617671045505,0.0,0
same_cell,CS2_38,123,impulse_spikes,lstm,0.20625738236806912,0.0,0
same_cell,CS2_33,456,impulse_spikes,pinn,0.2996455931449886,0.0,0
same_cell,CS2_33,456,impulse_spikes,lstm,0.27769999129559086,0.0,0
same_cell,CS2_34,456,impulse_spikes,pinn,0.15594003381774413,0.0,0
same_cell,CS2_34,456,impulse_spikes,lstm,0.14170318256976436,0.0,0
same_cell,CS2_35,456,impulse_spikes,pinn,0.20864030639322337,0.0,0
same_cell,CS2_35,456,impulse_spikes,lstm,0.1994215204757821,0.0,0
same_cell,CS2_36,456,impulse_spikes,pinn,1.21294062639209,0.0,0
same_cell,CS2_36,456,impulse_spikes,lstm,0.24870457770353926,0.0,0
same_cell,CS2_37,456,impulse_spikes,pinn,0.2758153372255455,0.0,0
same_cell,CS2_37,456,impulse_spikes,lstm,0.22214206201859538,0.0,0
same_cell,CS2_38,456,impulse_spikes,pinn,0.22009520818844436,0.0,0
same_cell,CS2_38,456,impulse_spikes,lstm,0.20628334897433467,0.0,0
same_cell,CS2_33,789,impulse_spikes,pinn,0.30807209475917585,0.0,0
same_cell,CS2_33,789,impulse_spikes,lstm,0.27773762647467093,0.0,0
same_cell,CS2_34,789,impulse_spikes,pinn,0.16100078481735652,0.0,0
same_cell,CS2_34,789,impulse_spikes,lstm,0.1408078910870527,0.0,0
same_cell,CS2_35,789,impulse_spikes,pinn,0.2087258349441353,0.0,0
same_cell,CS2_35,789,impulse_spikes,lstm,0.19912698049367858,0.0,0
same_cell,CS2_36,789,impulse_spikes,pinn,1.1403288189295242,0.0,0
same_cell,CS2_36,789,impulse_spikes,lstm,0.24873447114458258,0.0,0
same_cell,CS2_37,789,impulse_spikes,pinn,0.28976739509594857,0.0,0
same_cell,CS2_37,789,impulse_spikes,lstm,0.22120518112501297,0.0,0
same_cell,CS2_38,789,impulse_spikes,pinn,0.21742200907682857,0.0,0
same_cell,CS2_38,789,impulse_spikes,lstm,0.20628541505929673,0.0,0
same_cell,CS2_33,1024,impulse_spikes,pinn,0.3035996698473616,0.0,0
same_cell,CS2_33,1024,impulse_spikes,lstm,0.276619404363238,0.0,0
same_cell,CS2_34,1024,impulse_spikes,pinn,0.16118377652797589,0.0,0
same_cell,CS2_34,1024,impulse_spikes,lstm,0.14128189599399096,0.0,0
same_cell,CS2_35,1024,impulse_spikes,pinn,0.2082218472243232,0.0,0
same_cell,CS2_35,1024,impulse_spikes,lstm,0.19892616656322681,0.0,0
same_cell,CS2_36,1024,impulse_spikes,pinn,1.1900966952865182,0.0,0
same_cell,CS2_36,1024,impulse_spikes,lstm,0.24821844610855617,0.0,0
same_cell,CS2_37,1024,impulse_spikes,pinn,0.28866674188019137,0.0,0
same_cell,CS2_37,1024,impulse_spikes,lstm,0.22242711721664615,0.0,0
same_cell,CS2_38,1024,impulse_spikes,pinn,0.22132637757643492,0.0,0
same_cell,CS2_38,1024,impulse_spikes,lstm,0.20641889210120654,0.0,0
same_cell,CS2_33,42,missing_segments,pinn,0.29929195382383444,0.0,0
same_cell,CS2_33,42,missing_segments,lstm,0.27720605461828757,0.0,0
same_cell,CS2_34,42,missing_segments,pinn,0.1536647343276259,0.0,0
same_cell,CS2_34,42,missing_segments,lstm,0.14094042803089793,0.0,0
same_cell,CS2_35,42,missing_segments,pinn,0.20940768836505577,0.0,0
same_cell,CS2_35,42,missing_segments,lstm,0.19900688547620568,0.0,0
same_cell,CS2_36,42,missing_segments,pinn,1.1639600827275551,0.0,0
same_cell,CS2_36,42,missing_segments,lstm,0.24777339566044998,0.0,0
same_cell,CS2_37,42,missing_segments,pinn,0.3302027770661409,0.0,0
same_cell,CS2_37,42,missing_segments,lstm,0.22201748331779134,0.0,0
same_cell,CS2_38,42,missing_segments,pinn,0.23793989291257825,0.0,0
same_cell,CS2_38,42,missing_segments,lstm,0.20638927185551706,0.0,0
same_cell,CS2_33,123,missing_segments,pinn,0.2975426881944064,0.0,0
same_cell,CS2_33,123,missing_segments,lstm,0.27644630151499766,0.0,0
same_cell,CS2_34,123,missing_segments,pinn,0.1642250218452004,0.0,0
same_cell,CS2_34,123,missing_segments,lstm,0.14137918633768562,0.0,0
same_cell,CS2_35,123,missing_segments,pinn,0.20788022305860177,0.0,0
same_cell,CS2_35,123,missing_segments,lstm,0.19904875369633565,0.0,0
same_cell,CS2_36,123,missing_segments,pinn,1.169346716429653,0.0,0
same_cell,CS2_36,123,missing_segments,lstm,0.24861606653210888,0.0,0
same_cell,CS2_37,123,missing_segments,pinn,0.27798956832384497,0.0,0
same_cell,CS2_37,123,missing_segments,lstm,0.2221317034048135,0.0,0
same_cell,CS2_38,123,missing_segments,pinn,0.220801639157755,0.0,0
same_cell,CS2_38,123,missing_segments,lstm,0.20611513701916256,0.0,0
same_cell,CS2_33,456,missing_segments,pinn,0.29327966587038634,0.0,0
same_cell,CS2_33,456,missing_segments,lstm,0.2765773320227377,0.0,0
same_cell,CS2_34,456,missing_segments,pinn,0.15266946972904213,0.0,0
same_cell,CS2_34,456,missing_segments,lstm,0.1422019346683499,0.0,0
same_cell,CS2_35,456,missing_segments,pinn,0.2091888932036918,0.0,0
same_cell,CS2_35,456,missing_segments,lstm,0.1997083750197676,0.0,0
same_cell,CS2_36,456,missing_segments,pinn,1.2208216197287882,0.0,0
same_cell,CS2_36,456,missing_segments,lstm,0.248780752642851,0.0,0
same_cell,CS2_37,456,missing_segments,pinn,0.2895475364173886,0.0,0
same_cell,CS2_37,456,missing_segments,lstm,0.22294094292672942,0.0,0
same_cell,CS2_38,456,missing_segments,pinn,0.22610672133110726,0.0,0
same_cell,CS2_38,456,missing_segments,lstm,0.20742224390181957,0.0,0
same_cell,CS2_33,789,missing_segments,pinn,0.2948409407965781,0.0,0
same_cell,CS2_33,789,missing_segments,lstm,0.27756653392084896,0.0,0
same_cell,CS2_34,789,missing_segments,pinn,0.1647484118710026,0.0,0
same_cell,CS2_34,789,missing_segments,lstm,0.1408069747619684,0.0,0
same_cell,CS2_35,789,missing_segments,pinn,0.21014800732876243,0.0,0
same_cell,CS2_35,789,missing_segments,lstm,0.19994376019426327,0.0,0
same_cell,CS2_36,789,missing_segments,pinn,1.2281077476021685,0.0,0
same_cell,CS2_36,789,missing_segments,lstm,0.24833789765137942,0.0,0
same_cell,CS2_37,789,missing_segments,pinn,0.2789358359052515,0.0,0
same_cell,CS2_37,789,missing_segments,lstm,0.22119399065132841,0.0,0
same_cell,CS2_38,789,missing_segments,pinn,0.22183563767892275,0.0,0
same_cell,CS2_38,789,missing_segments,lstm,0.20706712116609702,0.0,0
same_cell,CS2_33,1024,missing_segments,pinn,0.29631156957516863,0.0,0
same_cell,CS2_33,1024,missing_segments,lstm,0.2761176707449622,0.0,0
same_cell,CS2_34,1024,missing_segments,pinn,0.16117329914099596,0.0,0
same_cell,CS2_34,1024,missing_segments,lstm,0.14123979928383454,0.0,0
same_cell,CS2_35,1024,missing_segments,pinn,0.2087911687908348,0.0,0
same_cell,CS2_35,1024,missing_segments,lstm,0.19892553801141513,0.0,0
same_cell,CS2_36,1024,missing_segments,pinn,1.2287879442948604,0.0,0
same_cell,CS2_36,1024,missing_segments,lstm,0.2489575813545518,0.0,0
same_cell,CS2_37,1024,missing_segments,pinn,0.30355728621750466,0.0,0
same_cell,CS2_37,1024,missing_segments,lstm,0.22178893193640944,0.0,0
same_cell,CS2_38,1024,missing_segments,pinn,0.21992889236683746,0.0,0
same_cell,CS2_38,1024,missing_segments,lstm,0.2073401295267812,0.0,0
logo,CS2_33,42,gaussian,pinn,0.3891157066315613,0.0,0
logo,CS2_33,42,gaussian,lstm,0.2803177442383067,0.0,0
logo,CS2_34,42,gaussian,pinn,0.18685943831506446,0.0,0
logo,CS2_34,42,gaussian,lstm,0.17939801695893534,0.0,0
logo,CS2_35,42,gaussian,pinn,0.2349743181937951,0.0,0
logo,CS2_35,42,gaussian,lstm,0.1989994375063407,0.0,0
logo,CS2_36,42,gaussian,pinn,0.2559387834287561,0.0,0
logo,CS2_36,42,gaussian,lstm,0.24952607727256965,0.0,0
logo,CS2_37,42,gaussian,pinn,0.2435156602575676,0.0,0
logo,CS2_37,42,gaussian,lstm,0.21917035139152244,0.0,0
logo,CS2_38,42,gaussian,pinn,0.22281118403697844,0.0,0
logo,CS2_38,42,gaussian,lstm,0.20639814599283415,0.0,0
logo,CS2_33,123,gaussian,pinn,0.3399267569503388,0.0,0
logo,CS2_33,123,gaussian,lstm,0.2794804117442739,0.0,0
logo,CS2_34,123,gaussian,pinn,0.19002409388143965,0.0,0
logo,CS2_34,123,gaussian,lstm,0.17980748741107913,0.0,0
logo,CS2_35,123,gaussian,pinn,0.24589215306406836,0.0,0
logo,CS2_35,123,gaussian,lstm,0.19950751196733627,0.0,0
logo,CS2_36,123,gaussian,pinn,0.25912045113780596,0.0,0
logo,CS2_36,123,gaussian,lstm,0.25002816361479513,0.0,0
logo,CS2_37,123,gaussian,pinn,0.23713338440614307,0.0,0
logo,CS2_37,123,gaussian,lstm,0.2196634301018775,0.0,0
logo,CS2_38,123,gaussian,pinn,0.22131992988676402,0.0,0
logo,CS2_38,123,gaussian,lstm,0.20627348940745438,0.0,0
logo,CS2_33,456,gaussian,pinn,0.3650987283401113,0.0,0
logo,CS2_33,456,gaussian,lstm,0.2802207891805585,0.0,0
logo,CS2_34,456,gaussian,pinn,0.1874180375652242,0.0,0
logo,CS2_34,456,gaussian,lstm,0.18007251570878333,0.0,0
logo,CS2_35,456,gaussian,pinn,0.2337116143916315,0.0,0
logo,CS2_35,456,gaussian,lstm,0.19963653270314896,0.0,0
logo,CS2_36,456,gaussian,pinn,0.25791966125776283,0.0,0
logo,CS2_36,456,gaussian,lstm,0.25158807837206726,0.0,0
logo,CS2_37,456,gaussian,pinn,0.24136795545107895,0.0,0
logo,CS2_37,456,gaussian,lstm,0.22048369697418438,0.0,0
logo,CS2_38,456,gaussian,pinn,0.22850795762181142,0.0,0
logo,CS2_38,456,gaussian,lstm,0.20647672612968412,0.0,0
logo,CS2_33,789,gaussian,pinn,0.3124569963200339,0.0,0
logo,CS2_33,789,gaussian,lstm,0.2795001138661308,0.0,0
logo,CS2_34,789,gaussian,pinn,0.1872987384012433,0.0,0
logo,CS2_34,789,gaussian,lstm,0.17909763833393563,0.0,0
logo,CS2_35,789,gaussian,pinn,0.249451713718822,0.0,0
logo,CS2_35,789,gaussian,lstm,0.19877917587263913,0.0,0
logo,CS2_36,789,gaussian,pinn,0.2593309047649494,0.0,0
logo,CS2_36,789,gaussian,lstm,0.2500143282645599,0.0,0
logo,CS2_37,789,gaussian,pinn,0.26971965313624036,0.0,0
logo,CS2_37,789,gaussian,lstm,0.2195133772079268,0.0,0
logo,CS2_38,789,gaussian,pinn,0.23658278205938596,0.0,0
logo,CS2_38,789,gaussian,lstm,0.20643676378399892,0.0,0
logo,CS2_33,1024,gaussian,pinn,0.4221077567061018,0.0,0
logo,CS2_33,1024,gaussian,lstm,0.2798443317614319,0.0,0
logo,CS2_34,1024,gaussian,pinn,0.18831377457753998,0.0,0
logo,CS2_34,1024,gaussian,lstm,0.17985604374586286,0.0,0
logo,CS2_35,1024,gaussian,pinn,0.22692902700812406,0.0,0
logo,CS2_35,1024,gaussian,lstm,0.19919442156229494,0.0,0
logo,CS2_36,1024,gaussian,pinn,0.25855417256130586,0.0,0
logo,CS2_36,1024,gaussian,lstm,0.2502454954760542,0.0,0
logo,CS2_37,1024,gaussian,pinn,0.24074972277048254,0.0,0
logo,CS2_37,1024,gaussian,lstm,0.21923715346300848,0.0,0
logo,CS2_38,1024,gaussian,pinn,0.2177258384445458,0.0,0
logo,CS2_38,1024,gaussian,lstm,0.20725238807147314,0.0,0
logo,CS2_33,42,bias_drift,pinn,0.42531283651933205,0.0,0
logo,CS2_33,42,bias_drift,lstm,0.27842376495347054,0.0,0
logo,CS2_34,42,bias_drift,pinn,0.18761023701774876,0.0,0
logo,CS2_34,42,bias_drift,lstm,0.1786691620566325,0.0,0
logo,CS2_35,42,bias_drift,pinn,0.25763076417877356,0.0,0
logo,CS2_35,42,bias_drift,lstm,0.1990899554820426,0.0,0
logo,CS2_36,42,bias_drift,pinn,0.2587316498779097,0.0,0
logo,CS2_36,42,bias_drift,lstm,0.24935466122136896,0.0,0
logo,CS2_37,42,bias_drift,pinn,0.24140422511158383,0.0,0
logo,CS2_37,42,bias_drift,lstm,0.22037536733961455,0.0,0
logo,CS2_38,42,bias_drift,pinn,0.22187125652573367,0.0,0
logo,CS2_38,42,bias_drift,lstm,0.20678402370746501,0.0,0
logo,CS2_33,123,bias_drift,pinn,0.38201384703413166,0.0,0
logo,CS2_33,123,bias_drift,lstm,0.2794536594021302,0.0,0
logo,CS2_34,123,bias_drift,pinn,0.18600035224573783,0.0,0
logo,CS2_34,123,bias_drift,lstm,0.17868352365871726,0.0,0
logo,CS2_35,123,bias_drift,pinn,0.23773061739616602,0.0,0
logo,CS2_35,123,bias_drift,lstm,0.20018590794766356,0.0,0
logo,CS2_36,123,bias_drift,pinn,0.2636223856649943,0.0,0
logo,CS2_36,123,bias_drift,lstm,0.2501643694156759,0.0,0
logo,CS2_37,123,bias_drift,pinn,0.22728060831158656,0.0,0
logo,CS2_37,123,bias_drift,lstm,0.2199985669365012,0.0,0
logo,CS2_38,123,bias_drift,pinn,0.22157040009519402,0.0,0
logo,CS2_38,123,bias_drift,lstm,0.2068013641233371,0.0,0
logo,CS2_33,456,bias_drift,pinn,0.3434786187467578,0.0,0
logo,CS2_33,456,bias_drift,lstm,0.27927233642936516,0.0,0
logo,CS2_34,456,bias_drift,pinn,0.18478265845258285,0.0,0
logo,CS2_34,456,bias_drift,lstm,0.17929419609678873,0.0,0
logo,CS2_35,456,bias_drift,pinn,0.24121739990754135,0.0,0
logo,CS2_35,456,bias_drift,lstm,0.1998084619301834,0.0,0
logo,CS2_36,456,bias_drift,pinn,0.26157644121102097,0.0,0
logo,CS2_36,456,bias_drift,lstm,0.24968593340333856,0.0,0
logo,CS2_37,456,bias_drift,pinn,0.2351600475090814,0.0,0
logo,CS2_37,456,bias_drift,lstm,0.22029500363437157,0.0,0
logo,CS2_38,456,bias_drift,pinn,0.21254309054173176,0.0,0
logo,CS2_38,456,bias_drift,lstm,0.20638472102373873,0.0,0
logo,CS2_33,789,bias_drift,pinn,0.40895448064271184,0.0,0
logo,CS2_33,789,bias_drift,lstm,0.28017352569409154,0.0,0
logo,CS2_34,789,bias_drift,pinn,0.18692545040005407,0.0,0
logo,CS2_34,789,bias_drift,lstm,0.17967690876014603,0.0,0
logo,CS2_35,789,bias_drift,pinn,0.22152584634944292,0.0,0
logo,CS2_35,789,bias_drift,lstm,0.19921831844253682,0.0,0
logo,CS2_36,789,bias_drift,pinn,0.25912993061241857,0.0,0
logo,CS2_36,789,bias_drift,lstm,0.24975645275138852,0.0,0
logo,CS2_37,789,bias_drift,pinn,0.25611184619281896,0.0,0
logo,CS2_37,789,bias_drift,lstm,0.21953671102446343,0.0,0
logo,CS2_38,789,bias_drift,pinn,0.23004036012593695,0.0,0
logo,CS2_38,789,bias_drift,lstm,0.20666923692808295,0.0,0
logo,CS2_33,1024,bias_drift,pinn,0.3581176590114973,0.0,0
logo,CS2_33,1024,bias_drift,lstm,0.2798237343943017,0.0,0
logo,CS2_34,1024,bias_drift,pinn,0.18690184905354806,0.0,0
logo,CS2_34,1024,bias_drift,lstm,0.17970572667682466,0.0,0
logo,CS2_35,1024,bias_drift,pinn,0.2920011270918428,0.0,0
logo,CS2_35,1024,bias_drift,lstm,0.1989291115196931,0.0,0
logo,CS2_36,1024,bias_drift,pinn,0.2621670978611244,0.0,0
logo,CS2_36,1024,bias_drift,lstm,0.2496747996259812,0.0,0
logo,CS2_37,1024,bias_drift,pinn,0.23912968617051392,0.0,0
logo,CS2_37,1024,bias_drift,lstm,0.21944069637744243,0.0,0
logo,CS2_38,1024,bias_drift,pinn,0.22666203124706108,0.0,0
logo,CS2_38,1024,bias_drift,lstm,0.20730448299243223,0.0,0
logo,CS2_33,42,impulse_spikes,pinn,0.36659552157189323,0.0,0
logo,CS2_33,42,impulse_spikes,lstm,0.27983361689759256,0.0,0
logo,CS2_34,42,impulse_spikes,pinn,0.1892272403330559,0.0,0
logo,CS2_34,42,impulse_spikes,lstm,0.1788985656367008,0.0,0
logo,CS2_35,42,impulse_spikes,pinn,0.22677983164321686,0.0,0
logo,CS2_35,42,impulse_spikes,lstm,0.20001538299596347,0.0,0
logo,CS2_36,42,impulse_spikes,pinn,0.26227244245839526,0.0,0
logo,CS2_36,42,impulse_spikes,lstm,0.25002387609688675,0.0,0
logo,CS2_37,42,impulse_spikes,pinn,0.2483343725017331,0.0,0
logo,CS2_37,42,impulse_spikes,lstm,0.21932365930014341,0.0,0
logo,CS2_38,42,impulse_spikes,pinn,0.21952217085923467,0.0,0
logo,CS2_38,42,impulse_spikes,lstm,0.20619011632934656,0.0,0
logo,CS2_33,123,impulse_spikes,pinn,0.3778990946011433,0.0,0
logo,CS2_33,123,impulse_spikes,lstm,0.2794499209044093,0.0,0
logo,CS2_34,123,impulse_spikes,pinn,0.18927048470279703,0.0,0
logo,CS2_34,123,impulse_spikes,lstm,0.17929605693633247,0.0,0
logo,CS2_35,123,impulse_spikes,pinn,0.2260737175553854,0.0,0
logo,CS2_35,123,impulse_spikes,lstm,0.198887309996782,0.0,0
logo,CS2_36,123,impulse_spikes,pinn,0.26061363811421245,0.0,0
logo,CS2_36,123,impulse_spikes,lstm,0.2508244303451163,0.0,0
logo,CS2_37,123,impulse_spikes,pinn,0.24046012589135415,0.0,0
logo,CS2_37,123,impulse_spikes,lstm,0.21929593112663548,0.0,0
logo,CS2_38,123,impulse_spikes,pinn,0.22964495907833204,0.0,0
logo,CS2_38,123,impulse_spikes,lstm,0.20691832864978962,0.0,0
logo,CS2_33,456,impulse_spikes,pinn,0.34563170981872665,0.0,0
logo,CS2_33,456,impulse_spikes,lstm,0.2789294609070675,0.0,0
logo,CS2_34,456,impulse_spikes,pinn,0.189328106508718,0.0,0
logo,CS2_34,456,impulse_spikes,lstm,0.17954967661333002,0.0,0
logo,CS2_35,456,impulse_spikes,pinn,0.21953741568541252,0.0,0
logo,CS2_35,456,impulse_spikes,lstm,0.19920452567630892,0.0,0
logo,CS2_36,456,impulse_spikes,pinn,0.25987884273164,0.0,0
logo,CS2_36,456,impulse_spikes,lstm,0.25062170491252006,0.0,0
logo,CS2_37,456,impulse_spikes,pinn,0.2362344894801895,0.0,0
logo,CS2_37,456,impulse_spikes,lstm,0.21937697864885372,0.0,0
logo,CS2_38,456,impulse_spikes,pinn,0.22305828096518718,0.0,0
logo,CS2_38,456,impulse_spikes,lstm,0.2080429054568312,0.0,0
logo,CS2_33,789,impulse_spikes,pinn,0.33324740166233446,0.0,0
logo,CS2_33,789,impulse_spikes,lstm,0.2795848677568105,0.0,0
logo,CS2_34,789,impulse_spikes,pinn,0.1905145149608674,0.0,0
logo,CS2_34,789,impulse_spikes,lstm,0.17936318265782822,0.0,0
logo,CS2_35,789,impulse_spikes,pinn,0.22315652953484402,0.0,0
logo,CS2_35,789,impulse_spikes,lstm,0.19956149472529877,0.0,0
logo,CS2_36,789,impulse_spikes,pinn,0.25928680707943236,0.0,0
logo,CS2_36,789,impulse_spikes,lstm,0.2504161582624971,0.0,0
logo,CS2_37,789,impulse_spikes,pinn,0.23726145576769894,0.0,0
logo,CS2_37,789,impulse_spikes,lstm,0.2192659460324478,0.0,0
logo,CS2_38,789,impulse_spikes,pinn,0.2235695964041488,0.0,0
logo,CS2_38,789,impulse_spikes,lstm,0.20654917034483053,0.0,0
logo,CS2_33,1024,impulse_spikes,pinn,0.37332142370155275,0.0,0
logo,CS2_33,1024,impulse_spikes,lstm,0.2802351015446337,0.0,0
logo,CS2_34,1024,impulse_spikes,pinn,0.1895945551946044,0.0,0
logo,CS2_34,1024,impulse_spikes,lstm,0.17929971488041005,0.0,0
logo,CS2_35,1024,impulse_spikes,pinn,0.2364425661588604,0.0,0
logo,CS2_35,1024,impulse_spikes,lstm,0.19873060114805888,0.0,0
logo,CS2_36,1024,impulse_spikes,pinn,0.261048575458683,0.0,0
logo,CS2_36,1024,impulse_spikes,lstm,0.25037563851478345,0.0,0
logo,CS2_37,1024,impulse_spikes,pinn,0.2380305564311073,0.0,0
logo,CS2_37,1024,impulse_spikes,lstm,0.21998761189935045,0.0,0
logo,CS2_38,1024,impulse_spikes,pinn,0.22025902369945527,0.0,0
logo,CS2_38,1024,impulse_spikes,lstm,0.2072587803454544,0.0,0
logo,CS2_33,42,missing_segments,pinn,0.35763682290024584,0.0,0
logo,CS2_33,42,missing_segments,lstm,0.2792748100103115,0.0,0
logo,CS2_34,42,missing_segments,pinn,0.18850331734151218,0.0,0
logo,CS2_34,42,missing_segments,lstm,0.17955848302118504,0.0,0
logo,CS2_35,42,missing_segments,pinn,0.22954962478530272,0.0,0
logo,CS2_35,42,missing_segments,lstm,0.19941283711101937,0.0,0
logo,CS2_36,42,missing_segments,pinn,0.26073386305943763,0.0,0
logo,CS2_36,42,missing_segments,lstm,0.25106244557284796,0.0,0
logo,CS2_37,42,missing_segments,pinn,0.2485068132977169,0.0,0
logo,CS2_37,42,missing_segments,lstm,0.22030070378337396,0.0,0
logo,CS2_38,42,missing_segments,pinn,0.2297152310136758,0.0,0
logo,CS2_38,42,missing_segments,lstm,0.20783733965359752,0.0,0
logo,CS2_33,123,missing_segments,pinn,0.37400366446762484,0.0,0
logo,CS2_33,123,missing_segments,lstm,0.27943107455339083,0.0,0
logo,CS2_34,123,missing_segments,pinn,0.18873904287809481,0.0,0
logo,CS2_34,123,missing_segments,lstm,0.17904638998213254,0.0,0
logo,CS2_35,123,missing_segments,pinn,0.2514570042931511,0.0,0
logo,CS2_35,123,missing_segments,lstm,0.1992672650930741,0.0,0
logo,CS2_36,123,missing_segments,pinn,0.2620303352251787,0.0,0
logo,CS2_36,123,missing_segments,lstm,0.2502703605703989,0.0,0
logo,CS2_37,123,missing_segments,pinn,0.23578623509347055,0.0,0
logo,CS2_37,123,missing_segments,lstm,0.21926770630318806,0.0,0
logo,CS2_38,123,missing_segments,pinn,0.2337064210196113,0.0,0
logo,CS2_38,123,missing_segments,lstm,0.20678438741638336,0.0,0
logo,CS2_33,456,missing_segments,pinn,0.37506786262982655,0.0,0
logo,CS2_33,456,missing_segments,lstm,0.27994211721767703,0.0,0
logo,CS2_34,456,missing_segments,pinn,0.18795250285038836,0.0,0
logo,CS2_34,456,missing_segments,lstm,0.1797545056046435,0.0,0
logo,CS2_35,456,missing_segments,pinn,0.23562405180041096,0.0,0
logo,CS2_35,456,missing_segments,lstm,0.19975112509378526,0.0,0
logo,CS2_36,456,missing_segments,pinn,0.26173328305724936,0.0,0
logo,CS2_36,456,missing_segments,lstm,0.24994385059682678,0.0,0
logo,CS2_37,456,missing_segments,pinn,0.24414310794044056,0.0,0
logo,CS2_37,456,missing_segments,lstm,0.2194833927841603,0.0,0
logo,CS2_38,456,missing_segments,pinn,0.2102721343041294,0.0,0
logo,CS2_38,456,missing_segments,lstm,0.2067404663744837,0.0,0
logo,CS2_33,789,missing_segments,pinn,0.33640264098391437,0.0,0
logo,CS2_33,789,missing_segments,lstm,0.280337440775371,0.0,0
logo,CS2_34,789,missing_segments,pinn,0.19071620059633854,0.0,0
logo,CS2_34,789,missing_segments,lstm,0.17877433188135763,0.0,0
logo,CS2_35,789,missing_segments,pinn,0.23150922177873942,0.0,0
logo,CS2_35,789,missing_segments,lstm,0.19959944490307066,0.0,0
logo,CS2_36,789,missing_segments,pinn,0.2606884112441768,0.0,0
logo,CS2_36,789,missing_segments,lstm,0.24973243368429673,0.0,0
logo,CS2_37,789,missing_segments,pinn,0.23241164032772313,0.0,0
logo,CS2_37,789,missing_segments,lstm,0.22036578085806954,0.0,0
logo,CS2_38,789,missing_segments,pinn,0.22213212224350012,0.0,0
logo,CS2_38,789,missing_segments,lstm,0.2065272941254993,0.0,0
logo,CS2_33,1024,missing_segments,pinn,0.35958874758703463,0.0,0
logo,CS2_33,1024,missing_segments,lstm,0.27912142561564096,0.0,0
logo,CS2_34,1024,missing_segments,pinn,0.18699433129616239,0.0,0
logo,CS2_34,1024,missing_segments,lstm,0.18040190600166345,0.0,0
logo,CS2_35,1024,missing_segments,pinn,0.22909620050136748,0.0,0
logo,CS2_35,1024,missing_segments,lstm,0.198911393714499,0.0,0
logo,CS2_36,1024,missing_segments,pinn,0.25812733605490684,0.0,0
logo,CS2_36,1024,missing_segments,lstm,0.24998770028362083,0.0,0
logo,CS2_37,1024,missing_segments,pinn,0.24758763044881116,0.0,0
logo,CS2_37,1024,missing_segments,lstm,0.21952040837160366,0.0,0
logo,CS2_38,1024,missing_segments,pinn,0.22842274938689747,0.0,0
logo,CS2_38,1024,missing_segments,lstm,0.20611740440928733,0.0,0
